ID,Home_coun,Cur_Coun,Coun_YR_Which_clean
1,Germany,China,"Egypt, Germany, China"
2,Germany,Tanzania,"Germany, Tanzania, Indonesia, Vietnam, Laos, Taiwan, Thailand, Philippines, India, Malaysia, Hungary"
3,Indonesia,Indonesia,"Indonesia, Singapore, Malaysia, China"
4,Indonesia,Malta,"United Kingdom, Switzerland, Indonesia, Nepal, Mauritius, Italy, Thailand"
5,Pakistan,Saudi Arabia,"Switzerland, United Arab Emirates, China"
6,Indonesia,China,"Japan, United Kingdom, China"
7,Indonesia,Saudi Arabia,Malaysia
8,Indonesia,China,Malaysia
9,Vietnam,Spain,Australia
10,Indonesia,China,"Indonesia, China"
11,Indonesia,Indonesia,"China, Malaysia, Singapore"
12,Indonesia,Philippines,"Thailand, Singapore, Vietnam"
13,Indonesia,United States of America,"Vietnam, Cambodia"
14,Indonesia,Malaysia,"Thailand, Singapore, Japan, Taiwan, Indonesia"
15,Indonesia,China,"United Kingdom, Indonesia"
16,Poland,Hungary,"Hungary, Germany, Finland, Spain, Tunisia, India, Turkey, Austria"
17,Australia,Germany,"Austria, Switzerland, Netherlands"
18,Bosnia and Herzegovina,Croatia,"Austria, Switzerland, Poland, Italy, Netherlands, Serbia"
19,United Kingdom,Vietnam,"Vietnam, Thailand, Cambodia"
20,Turkey,Turkey,"Serbia, Montenegro, El Salvador, Belize, Jamaica, Dominican Republic, Guatemala, Costa Rica, North Macedonia, Colombia, Panama, Thailand"
21,United States of America,South Africa,"France, Liechtenstein, Morocco, Luxembourg, Belgium, United Kingdom, Serbia, Denmark, Poland, Sweden, Egypt, Bosnia and Herzegovina, Turkey, South Africa"
22,France,Spain,"Singapore, Malaysia, Indonesia, Greece, Israel"
23,France,Spain,"Thailand, Vietnam, Spain, Turkey, Belgium, France"
24,United States of America,Spain,"Denmark, Sweden, Netherlands, Germany, Spain, United States of America"
25,Germany,Spain,"France, Spain, Italy, Poland, Belgium, Switzerland"
26,Germany,Spain,"Germany, Thailand"
27,Turkey,Morocco,"Colombia, Mexico, Turkey, Azerbaijan, Georgia, Morocco"
28,Croatia,Bosnia and Herzegovina,"Denmark, Austria, Croatia, Bosnia and Herzegovina"
29,United States of America,Georgia,"Chile, Australia, Indonesia, Switzerland, Bulgaria, United States of America, Poland, Estonia, Latvia, Canada, Japan, South Korea"
30,Canada,Canada,"Spain, Portugal, Germany, Czech Republic, Austria, Slovakia, Bulgaria, North Macedonia, Montenegro, Albania, Hungary, Switzerland, France, Belgium, Luxembourg, Netherlands, Italy"
31,Switzerland,Thailand,"Ireland, Brazil, Montenegro, Bulgaria, Germany"
32,Sweden,Spain,"United Kingdom, United States of America, Spain, France, Germany, Belgium, Netherlands, Denmark, Italy, Switzerland"
33,France,Slovenia,"Colombia, France, Spain, United States of America"
34,Germany,Montenegro,"Sweden, Norway, Denmark, Germany, Switzerland, Austria, Slovenia, Hungary, Serbia, Croatia, Bosnia and Herzegovina, Italy, Montenegro"
35,Germany,Spain,"Spain, Georgia, Maldives, Philippines, Indonesia, Germany, Morocco"
36,United States of America,Spain,"South Korea, Australia, Taiwan"
37,Croatia,Greece,"Costa Rica, Italy, Denmark, Greece, Croatia"
38,Israel,Netherlands,"United States of America, Israel, Austria, Germany"
39,Netherlands,Slovenia,"Croatia, France, Norway, Italy, Colombia, Mexico, United States of America, Spain"
40,Indonesia,China,"Malaysia, Singapore, Indonesia"
41,Netherlands,Sweden,"Sweden, Germany, United Kingdom, Spain, Portugal, Japan, United States of America, Canada"
42,United States of America,Spain,"United Kingdom, United States of America, Mexico, Belgium, Netherlands, France"
43,Poland,Spain,"Poland, Netherlands, Belgium, Czech Republic, Spain, Italy, France, Portugal"
44,United States of America,Spain,"Mexico, Netherlands, Belgium, France, Spain, United Kingdom, United States of America"
45,Sweden,Spain,"Sweden, Denmark, Switzerland, Spain"
46,Finland,Spain,"Spain, France, Australia, Austria, Slovenia, Slovakia, Hungary, Poland, Czech Republic, Estonia, Lithuania"
47,Poland,Spain,"Bulgaria, Greece, Poland, Czech Republic, Sri Lanka, Oman"
48,Germany,Germany,"Spain, Portugal, Italy, Czech Republic, Germany"
49,Brazil,Poland,"Poland, Japan, Germany, Italy"
50,Poland,Poland,"Germany, Italy, Japan, Poland"
51,Poland,Poland,"Germany, Croatia, Vietnam, Singapore"
52,Bangladesh,Portugal,"Morocco, Egypt"
53,Slovenia,Slovenia,Thailand
54,Israel,United States of America,"Israel, United States of America, Netherlands, Portugal, Spain"
55,Turkey,Indonesia,"Thailand, Sri Lanka, Philippines, Singapore, Vietnam, Japan, South Korea, Malaysia"
56,United Kingdom,Spain,"United Kingdom, Portugal, Spain, Turkey, Turkmenistan, Uzbekistan, Kyrgyzstan, Tajikistan, Kazakhstan, India, Sri Lanka, China, Italy, Japan, Canada"
57,Poland,Poland,"Grenada, Saint Vincent and the Grenadines, Czech Republic, China, United Kingdom, Spain"
58,United States of America,Portugal,"Croatia, Spain, Italy"
59,Romania,Romania,"Belgium, Spain, Morocco"
60,Israel,Italy,"United States of America, Israel, France, Spain"
61,United States of America,Portugal,"Costa Rica, Mexico, Brazil"
62,France,Slovenia,"France, Slovenia, United Kingdom, Germany"
63,United States of America,North Macedonia,Serbia
64,United States of America,North Macedonia,"Italy, Turkey, Bulgaria, Serbia"
65,Australia,North Macedonia,"North Macedonia, Greece, Saudi Arabia"
66,United Kingdom,North Macedonia,"Turkey, Qatar"
67,United Kingdom,North Macedonia,Albania
68,Germany,Spain,"Jordan, North Macedonia, Spain, Germany"
69,United Kingdom,United Kingdom,United States of America
70,Romania,United Kingdom,Italy
71,United Kingdom,United Kingdom,"France, Malta, Vietnam, Singapore, Indonesia, Denmark, Sweden, Italy, United Arab Emirates, Portugal"
72,United Kingdom,Spain,"Albania, Italy"
73,United Kingdom,United Kingdom,"Jamaica, Spain, Italy, United States of America"
74,United Kingdom,Bangladesh,"Bangladesh, India"
75,United Kingdom,Spain,"Italy, United Kingdom, Ireland"
76,United Kingdom,United kingdom,"Spain, France, Germany"
77,United Kingdom,Vietnam,"Thailand, Singapore, Laos"
78,Italy,United Kingdom,"Greece, Italy, Spain"
79,United Kingdom,Spain,"Italy, Finland, Germany"
80,United Kingdom,United Kingdom,"Thailand, United States of America, Jamaica, France, Croatia"
81,United Kingdom,United Kingdom,"France, Lithuania, Portugal"
82,United Kingdom,United Kingdom,"Greece, Italy, France, Spain"
83,United Kingdom,United Kingdom,"Spain, Bulgaria, Poland, France"
84,United Kingdom,United Kingdom,"Kenya, India, Germany, United Arab Emirates"
85,United Kingdom,Spain,"Iceland, Poland, Italy, Spain"
86,United Kingdom,United Kingdom,"Maldives, Sri Lanka, Dominican Republic, Greece, Belgium"
87,United Kingdom,United Kingdom,"Spain, Japan, United States of America, United Kingdom"
88,United Kingdom,United Kingdom,"France, Croatia, Netherlands"
89,South Africa,United Kingdom,United States of America
90,United Kingdom,United Kingdom,"Spain, France, Italy, United Kingdom"
91,United Kingdom,United Kingdom,Qatar
92,United Kingdom,United Kingdom,"Malaysia, Brazil, Australia, Spain, France, Turkey, Austria, Switzerland, United Kingdom"
93,Bosnia and Herzegovina,Bosnia and Herzegovina,"Croatia, Netherlands, Hungary"
94,Bosnia and Herzegovina,Thailand,Thailand
95,Bosnia and Herzegovina,Turkey,"Croatia, Albania, North Macedonia, Greece, Serbia, Italy, France, Turkey, Bulgaria, Austria, New Zealand"
96,Bosnia and Herzegovina,Sweden,"Portugal, Austria, Germany, Serbia, Bulgaria, Sweden, Croatia"
97,Bosnia and Herzegovina,Turkey,"Serbia, Croatia, Sweden, Turkey"
98,Turkey,Bosnia and Herzegovina,"Turkey, Montenegro, Serbia, Brazil"
99,Bosnia and Herzegovina,United Arab Emirates,"Croatia, Germany, United Arab Emirates"
100,Bosnia and Herzegovina,Bosnia and Herzegovina,"Germany, Turkey, Sweden"
101,Netherlands,Bosnia and Herzegovina,"Austria, Turkey, Slovenia"
102,Brazil,Bosnia and Herzegovina,"Bosnia and Herzegovina, Serbia, Montenegro, Croatia, Albania, North Macedonia, Romania, Moldova, France, Italy, Germany, Portugal, Greece"
103,United States of America,South Africa,"Switzerland, Turkey, South Africa, Sweden, Poland, Serbia, Bosnia and Herzegovina, Denmark, Morocco, France, Liechtenstein, Luxembourg"
104,Bosnia and Herzegovina,Croatia,"Croatia, Turkey"
105,Bosnia and Herzegovina,Croatia,"Austria, Germany, United Kingdom, Italy, Albania, Montenegro, North Macedonia"
106,United States of America,Bosnia and Herzegovina,"Bosnia and Herzegovina, Croatia, Italy, Spain, Portugal, United States of America, Canada, Hungary, Switzerland"
107,Bosnia and Herzegovina,United Arab Emirates,"Serbia, Greece, United Arab Emirates, Saudi Arabia, Montenegro, Croatia, Turkey"
108,Bosnia and Herzegovina,Bosnia and Herzegovina,"Montenegro, Czech Republic, Greece, Germany, Austria"
109,Germany,Bosnia and Herzegovina,"Netherlands, Turkey, United Kingdom, Bosnia and Herzegovina"
110,Sweden,Bosnia and Herzegovina,Turkey
111,Bosnia and Herzegovina,Croatia,"Croatia, Serbia, Austria, Hungary, Greece"
112,Bosnia and Herzegovina,Bosnia and Herzegovina,"Croatia, Germany, Netherlands, Austria"
113,Sweden,Bosnia and Herzegovina,Lithuania
114,Bosnia and Herzegovina,Bosnia and Herzegovina,"Serbia, Croatia, Hungary, Austria"
115,Bosnia and Herzegovina,Bosnia and Herzegovina,"Spain, Germany, United States of America, Switzerland, Croatia, Malaysia"
116,Bosnia and Herzegovina,Bosnia and Herzegovina,"Turkey, Croatia, Bulgaria"
117,Bosnia and Herzegovina,Germany,"Canada, France, United Kingdom, Russia, Portugal, Greece"
118,Croatia,Bosnia and Herzegovina,"Slovenia, Czech Republic, Spain"
119,Bosnia and Herzegovina,Bosnia and Herzegovina,"Turkey, Malaysia, Singapore, Croatia"
120,Bosnia and Herzegovina,Germany,"Germany, Turkey, Serbia, France"
121,Bosnia and Herzegovina,Croatia,"Serbia, Croatia, Hungary, Greece, Austria, Germany"
122,Bosnia and Herzegovina,Bosnia and Herzegovina,"Turkey, Montenegro, Bulgaria, Serbia, Croatia"
123,United States of America,Bosnia and Herzegovina,"Croatia, Italy, United States of America, United Kingdom, Switzerland"
124,Bosnia and Herzegovina,Bosnia and Herzegovina,"United Arab Emirates, Slovenia, Malta, Croatia, Poland, Slovakia, Germany, Italy"
125,Bosnia and Herzegovina,Turkey,"Italy, Cyprus"
126,Bosnia and Herzegovina,Bosnia and Herzegovina,"Belgium, Germany, Serbia, Sweden, Montenegro, Croatia"
127,United Kingdom,Bosnia and Herzegovina,"Croatia, Serbia, Montenegro, Slovenia, Germany"
128,Bosnia and Herzegovina,Austria,"Croatia, Austria, Sweden, Serbia"
129,France,United States of America,United States of America
130,Bosnia and Herzegovina,Bosnia and Herzegovina,"Italy, Turkey, Croatia, Austria"
131,Netherlands,Bosnia and Herzegovina,"Germany, Croatia, Montenegro, Austria, Slovenia, Belgium"
132,Croatia,United States of America,"United States of America, Germany, Bosnia and Herzegovina, Croatia, Turkey, Greece, Italy"
133,Bosnia and Herzegovina,Italy,"Italy, Spain, Germany"
134,Egypt,Bosnia and Herzegovina,"Saudi Arabia, Egypt, Gambia, Kyrgyzstan, Turkey"
135,Israel,Cyprus,"Israel, Cyprus, Serbia, United Kingdom, United States of America"
136,Canada,Canada,"United States of America, United Kingdom"
137,Israel,France,"Israel, France, United Kingdom, United States of America"
138,Croatia,United States of America,Croatia
139,Croatia,United States of America,"Kenya, India, Japan, China, Croatia"
140,Jamaica,Croatia,"United States of America, Egypt, Finland, United Kingdom"
141,United States of America,Croatia,"Mexico, Norway, United Kingdom, France"
142,Croatia,Croatia,"Argentina, Colombia, Ghana, Angola"
143,Croatia,Croatia,"Cape Verde, Indonesia, Spain"
144,Croatia,Croatia,"Spain, Indonesia, Canada, Maldives, Germany"
145,Mexico,Croatia,"United Kingdom, South Africa"
146,Switzerland,Croatia,France
147,United States of America,Croatia,Qatar
148,Germany,Croatia,Brazil
149,Canada,Croatia,"Colombia, Kenya"
150,United Kingdom,Croatia,India
151,United Kingdom,Croatia,Japan
152,Ukraine,Croatia,"United States of America, United Kingdom, Canada"
153,Canada,Croatia,Japan
154,United Kingdom,Croatia,China
155,Germany,South Africa,"Spain, Portugal, Greece, Germany, South Africa"
156,Switzerland,Indonesia,"Brazil, Argentina, Paraguay, Germany, Austria, Switzerland, Portugal, France, Bulgaria, Ireland, Canada, United States of America, Japan, South Korea, Taiwan, Philippines, Indonesia"
157,Germany,Indonesia,"Argentina, Peru, United States of America, Canada, Portugal, Spain, France, Germany, Sweden, Denmark, Japan, Thailand, Vietnam, Indonesia"
158,Germany,Germany,"Bulgaria, Albania, Germany, Spain, Austria"
159,Germany,Greece,"Greece, Cyprus, Germany, Spain, Portugal, Netherlands"
160,Germany,Indonesia,"Brazil, Argentina, South Africa, Germany, Italy, Spain, Portugal, France, Greece, Malta, Cyprus, Turkey, Estonia, Indonesia, Canada, Japan, Philippines"
161,Germany,Thailand,"Argentina, Brazil, Germany, Chile, Bolivia, Peru, South Korea, Japan, Thailand"
162,United States of America,Montenegro,"United States of America, Montenegro, Serbia, Ireland, United Kingdom, Austria, Slovakia, Czech Republic"
163,United Kingdom,Tanzania,"Paraguay, Argentina, Brazil, Germany, Italy, Albania, North Macedonia, Bulgaria, Mongolia, South Korea, Kazakhstan, France"
164,Belorussia,Turkey,"Albania, Portugal, Spain, United Arab Emirates, Turkey, United Kingdom, Argentina, Brazil, Bulgaria, Netherlands, Germany, Italy, Romania"
165,Switzerland,Thailand,"Thailand, Malaysia, Indonesia, Spain, Portugal, Italy, Croatia, Switzerland, Austria, Canada, Japan, South Korea, Philippines"
166,Venezuela,Indonesia,"Venezuela, Germany, Spain, United States of America, Japan"
167,Germany,Indonesia,"Bulgaria, Argentina, Spain, Thailand, Japan, Brazil, Canada, Malaysia, Morocco, United States of America"
168,Mexico,Thailand,"Brazil, Peru, United States of America, France, Italy, Greece, Poland, Spain, Portugal, Japan, Thailand"
169,Portugal,Portugal,"South Africa, Bulgaria, Spain, Latvia, Peru, Canada, United States of America, Japan, Germany, Morocco"
170,Germany,France,"Spain, Portugal, United Kingdom, Canada, United States of America, Japan, Indonesia, Australia"
171,Bosnia and Herzegovina,Croatia,"Croatia, Montenegro, Hungary"
172,Philippines,Philippines,Vietnam
173,Canada,Mexico,"Canada, United States of America, Mexico, Thailand, Indonesia, Germany, Portugal, Bulgaria, Hungary, Bosnia and Herzegovina, Greece, Albania, Turkey, Spain, Japan, Morocco"
174,United States of America,Brazil,"Brazil, United Kingdom, Spain, Portugal, Barbados, Guyana"
175,United States of America,United States of America,"Ecuador, Argentina, Panama, Bolivia, Hungary, Spain"
176,United Kingdom,Thailand,"Morocco, Malaysia, Singapore, Thailand"
177,Kenya,Kenya,Ghana
178,United Kingdom,United States of America,Qatar
179,Australia,Malaysia,"Netherlands, Denmark, Spain, Cyprus, Germany"
180,Pakistan,Pakistan,Thailand
181,United States of America,Slovenia,"United States of America, United Kingdom, Spain"
182,Mexico,Switzerland,"Poland, Mexico, United States of America, Switzerland, Italy"
183,United States of America,United States of America,"Mexico, Thailand, Spain, Colombia, Nigeria"
184,Italy,Vietnam,"Uganda, Bulgaria, Serbia, Bosnia and Herzegovina"
185,Paraguay,Paraguay,"Spain, Germany"
186,United States of America,Thailand,"Philippines, Vietnam, South Korea"
187,Netherlands,Thailand,"Thailand, Vietnam, Laos"
188,Netherlands,Thailand,United States of America
189,Norway,Ecuador,"Norway, Ecuador, Sweden, Denmark, Germany, Tunisia, Malta, San Marino, France, Italy, Spain, Portugal, Iceland"
190,United States of America,Bulgaria,"Romania, France, Germany, Croatia"
191,Netherlands,Spain,"United Kingdom, Croatia, Germany"
192,Poland,Cape Verde,"United Kingdom, Spain, Portugal, Morocco, Switzerland, Bosnia and Herzegovina, Netherlands, Estonia, France, Latvia"
193,Portugal,Bulgaria,"Portugal, Greece, Spain, Bulgaria"
194,Nigeria,Thailand,Turkey
195,France,Georgia,"Turkey, Kazakhstan, China"
196,United States of America,Portugal,"United States of America, Israel, France, Spain"
197,Australia,United States of America,"Costa Rica, Mexico, Brazil"
198,Netherlands,Cape Verde,"France, Slovenia, United Kingdom, Germany"
199,United Kingdom,North Macedonia,Serbia
200,United States of America,United Kingdom,"Italy, Turkey, Bulgaria, Serbia"
201,Ireland,Bosnia and Herzegovina,"North Macedonia, Greece, Saudi Arabia"
202,Nigeria,Bulgaria,"Turkey, Qatar"
203,Mexico,Saudi Arabia,Albania
204,Canada,United Kingdom,"Jordan, North Macedonia, Spain, Germany"
205,Netherlands,Indonesia,Italy
206,France,Greece,Turkey
207,Ireland,Spain,United States of America
208,Poland,Spain,"Spain, Italy, France"
209,Poland,Romania,"France, Malta, Vietnam, Singapore, Indonesia, Denmark, Sweden, Italy, United Arab Emirates, Portugal"
210,Mexico,United Kingdom,"Spain, France, Germany"
211,Spain,Canada,United Kingdom
212,Sweden,Philippines,"Spain, Turkey, Germany, Netherlands, France"
213,Israel,Morocco,"Greece, Italy, Spain"
214,Australia,Netherlands,"Italy, Finland, Germany"
215,Australia,United States of America,"Italy, France"
216,Slovenia,United Arab Emirates,Croatia
217,Finland,Mexico,Vietnam
218,Australia,Spain,"Canada, United States of America, Mexico, Thailand, Indonesia, Germany, Portugal, Bulgaria, Hungary, Bosnia and Herzegovina, Greece, Albania, Turkey, Spain, Japan, Morocco"
219,Norway,Portugal,"Brazil, United Kingdom, Spain, Portugal, Barbados, Guyana"
220,United Kingdom,Slovenia,"Malaysia, Singapore, Thailand, Morocco"
221,Croatia,United Arab Emirates,Ghana
222,United States of America,Croatia,South Africa
223,Austria,Spain,Netherlands
224,Germany,United Kingdom,New Zealand
225,France,Spain,"United States of America, United Kingdom, Spain"
226,Austria,United Kingdom,"Poland, Mexico, United States of America, Switzerland, Italy"
227,Germany,Bosnia and Herzegovina,Uganda
228,Germany,China,"Philippines, Vietnam, South Korea"
229,Bulgaria,Montenegro,"Laos, Vietnam, Thailand"
230,Netherlands,United Kingdom,United States of America
231,Germany,United States of America,"Norway, Ecuador, Sweden, Denmark, Germany, Tunisia, Malta, San Marino, France, Italy, Spain, Portugal, Iceland"
232,France,Thailand,"Romania, France, Germany, Croatia"
233,United Kingdom,Spain,"United Kingdom, Croatia, Germany"
234,Italy,Spain,"United Kingdom, Spain, Portugal, Morocco, Switzerland, Bosnia and Herzegovina, Netherlands, Estonia, France, Latvia"
235,United Kingdom,Croatia,"Portugal, Greece, Spain, Bulgaria"
236,Germany,Spain,"Turkey, Kazakhstan, China"
237,United Kingdom,Montenegro,"Egypt, Germany, China"
238,France,United States of America,"China, Qatar"
239,United Kingdom,Slovenia,"Hungary, India, Indonesia, Laos, Malaysia, Philippines, Taiwan, Tanzania, Thailand, Vietnam, Germany"
240,United States of America,Vietnam,"Indonesia, Italy, Mauritius, Nepal, Switzerland, Thailand, United Kingdom"
241,France,Indonesia,"China, Malaysia"
242,Switzerland,South Africa,"China, United Arab Emirates, Switzerland"
243,Netherlands,Saudi Arabia,China
244,Turkey,United States of America,"Japan, United Kingdom, China"
245,United States of America,Turkey,"China, Malaysia, Singapore"
246,Germany,Indonesia,China
247,United States of America,Bulgaria,"Thailand, Singapore, Vietnam"
248,Italy,Romania,"Vietnam, Cambodia"
249,United States of America,Netherlands,"Thailand, Singapore, Japan, Taiwan, Indonesia"
250,Ukraine,Spain,"United Kingdom, Indonesia"
251,United States of America,Spain,"Hungary, Germany, Finland, Spain, Tunisia, India, Turkey, Austria"
252,United Kingdom,Malta,"Netherlands, Switzerland, Austria"
253,Poland,Indonesia,"Austria, Switzerland, Poland, Italy, Netherlands, Serbia"
254,United Kingdom,Spain,"Vietnam, Thailand, Cambodia"
255,Italy,Portugal,"Serbia, Montenegro, El Salvador, Belize, Jamaica, Dominican Republic, Guatemala, Costa Rica, North Macedonia, Colombia, Panama, Thailand"
256,Slovenia,Spain,United Arab Emirates
257,United States of America,Indonesia,"France, Liechtenstein, Morocco, Luxembourg, Belgium, United Kingdom, Serbia, Denmark, Poland, Sweden, Egypt, Bosnia and Herzegovina, Turkey, South Africa"
258,United Kingdom,Thailand,"Singapore, Malaysia, Indonesia, Greece, Israel"
259,United States of America,Portugal,"Thailand, Vietnam, Spain, Turkey, Belgium, France"
260,Serbia,North Macedonia,"Denmark, Sweden, Netherlands, Germany, Spain, United States of America"
261,Portugal,Indonesia,"France, Spain, Italy, Poland, Belgium, Switzerland"
262,Spain,Portugal,"Germany, Thailand"
263,Indonesia,Montenegro,"Colombia, Mexico, Turkey, Azerbaijan, Georgia, Morocco"
264,France,Turkey,"Denmark, Austria, Croatia, Bosnia and Herzegovina"
265,Poland,Greece,"Chile, Australia, Indonesia, Switzerland, Bulgaria, United States of America, Poland, Estonia, Latvia, Canada, Japan, South Korea"
266,Germany,Saudi Arabia,"Spain, Portugal, Germany, Czech Republic, Austria, Slovakia, Bulgaria, North Macedonia, Montenegro, Albania, Hungary, Switzerland, France, Belgium, Luxembourg, Netherlands, Italy"
267,United Kingdom,Spain,"Czech Republic, Netherlands"
268,United States of America,Poland,"Spain, Portugal, Greece, Belgium, Bosnia and Herzegovina"
269,United Kingdom,United Kingdom,Ireland
270,United States of America,United Kingdom,"Belgium, Denmark, France, Germany, Italy, Netherlands, Spain, Switzerland, United States of America, United Kingdom"
271,United States of America,Spain,"France, Spain, United States of America, Colombia"
272,Denmark,United Kingdom,"Austria, Bosnia and Herzegovina, Croatia, Denmark, Germany, Hungary, Italy, Montenegro, Norway, Serbia, Slovenia, Switzerland, Sweden"
273,Netherlands,Spain,"Spain, Georgia, Maldives, Philippines, Indonesia, Germany, Morocco"
274,Germany,Thailand,"South Korea, Australia, Taiwan"
275,Israel,Slovenia,"Costa Rica, Italy, Denmark, Greece, Croatia"
276,Indonesia,Slovenia,"Lithuania, Austria, Spain, United Kingdom, Italy, Slovenia, Bosnia and Herzegovina, Finland"
277,France,Morocco,"United States of America, Israel, Austria, Germany"
278,Germany,Netherlands,"Colombia, France, Italy, Mexico, Norway, Spain, United States of America, Croatia"
279,Italy,Indonesia,Serbia
280,United States of America,Vietnam,"Malaysia, Singapore, Indonesia"
281,Poland,Germany,"Sweden, Germany, United Kingdom, Spain, Portugal, Japan, United States of America, Canada"
282,Australia,Hungary,"Belgium, France, Mexico, Netherlands, United States of America, United Kingdom"
283,Serbia,Thailand,"Mexico, Netherlands, Belgium, France, Spain, United Kingdom, United States of America"
284,United Kingdom,Thailand,"Sweden, Denmark, Switzerland, Spain"
285,Switzerland,Malaysia,"Spain, France, Australia, Austria, Slovenia, Slovakia, Hungary, Poland, Czech Republic, Estonia, Lithuania"
286,Switzerland,Spain,"Bulgaria, Greece, Poland, Czech Republic, Sri Lanka, Oman"
287,Poland,Sweden,"Spain, Portugal, Italy, Czech Republic, Germany"
288,Netherlands,United Kingdom,United States of America
289,Bosnia and Herzegovina,Thailand,"Poland, Japan, Germany, Italy"
290,Philippines,Ecuador,"Croatia, Singapore, Vietnam, Germany"
291,France,Philippines,"Morocco, Egypt"
292,United Kingdom,United Kingdom,Thailand
293,Indonesia,Croatia,"Israel, United States of America, Netherlands, Portugal, Spain"
294,Indonesia,United States of America,"Thailand, Sri Lanka, Philippines, Singapore, Vietnam, Japan, South Korea, Malaysia"
295,Slovenia,United Kingdom,"United Kingdom, Portugal, Spain, Turkey, Italy, Japan, Canada"
296,United Kingdom,China,"Grenada, Czech Republic, China, United Kingdom, Spain"
297,Australia,United States of America,"Croatia, Spain, Italy"
298,Australia,Slovenia,"Belgium, Spain, Morocco"
299,United States of America,United Kingdom,"United States of America, Israel, France, Spain"
300,United Kingdom,Malaysia,"Costa Rica, Mexico, Brazil"
301,United Kingdom,Germany,"France, Slovenia, United Kingdom, Germany"
302,Indonesia,Spain,Serbia
303,Germany,North Macedonia,"Italy, Turkey, Bulgaria, Serbia"
304,United States of America,United Kingdom,"North Macedonia, Greece, Saudi Arabia"
305,Poland,Germany,"Turkey, Qatar"
306,United States of America,North Macedonia,Albania
307,Italy,Vietnam,"Jordan, North Macedonia, Spain, Germany"
308,Brazil,Thailand,Italy
309,United Kingdom,Spain,Turkey
310,United States of America,United Kingdom,United States of America
311,Poland,Poland,"Italy, France, Spain"
312,Italy,Greece,"France, Malta, Vietnam, Singapore, Indonesia, Denmark, Sweden, Italy, United Arab Emirates, Portugal"
313,Italy,Cape Verde,United Kingdom
314,Mexico,Spain,"Turkey, Germany, Netherlands, France"
315,Poland,Spain,Thailand
316,United Kingdom,Portugal,"Greece, Italy, Spain"
317,Croatia,Spain,"Italy, Finland, Germany"
318,Australia,Spain,"Italy, France"
319,France,Spain,"Croatia, Montenegro, Hungary"
320,United Kingdom,Poland,Vietnam
321,Indonesia,Slovenia,"Canada, United States of America, Mexico, Thailand, Indonesia, Germany, Portugal, Bulgaria, Hungary, Bosnia and Herzegovina, Greece, Albania, Turkey, Spain, Japan, Morocco"
322,Germany,Spain,"Brazil, United Kingdom, Spain, Portugal, Barbados, Guyana"
323,Germany,North Macedonia,"Morocco, Malaysia, Singapore, Thailand"
324,Poland,Montenegro,Qatar
325,Germany,Slovenia,"Netherlands, Denmark, Spain"
326,Singapore,Saudi Arabia,New Zealand
327,Pakistan,Romania,Thailand
328,United States of America,Spain,United States of America
329,Ireland,Thailand,"Uganda, Bulgaria, Serbia, Bosnia and Herzegovina"
330,Germany,United States of America,"South Korea, Vietnam, Philippines"
331,United Kingdom,Malaysia,Thailand
332,France,United Kingdom,"Sweden, Denmark, Germany, Tunisia, Malta, San Marino, France, Italy, Spain, Portugal, Iceland"
333,Turkey,Spain,"Romania, France, Germany, Croatia"
334,United States of America,United States of America,"Croatia, Germany"
335,Australia,Brazil,United Kingdom
336,France,Malta,"Portugal, Spain"
337,France,Georgia,Turkey
338,Philippines,Turkey,"Turkey, Kazakhstan, China"
339,Indonesia,Croatia,"Netherlands, Portugal, Spain"
340,Indonesia,United States of America,"Thailand, Sri Lanka, Philippines, Singapore, Vietnam, Japan, South Korea, Malaysia"
341,Slovenia,United Kingdom,"Portugal, Spain, Turkey, Japan, Canada"
342,United Kingdom,China,"Grenada, Czech Republic, China, United Kingdom, Spain"
343,Australia,United States of America,"Croatia, Spain, Italy"
344,Australia,Slovenia,Morocco
345,United Kingdom,Germany,"France, Slovenia, United Kingdom, Germany"
346,Indonesia,Spain,"Albania, Bosnia and Herzegovina, Bulgaria, Montenegro"
347,Germany,North Macedonia,"Italy, Turkey, Bulgaria"
348,Poland,Germany,"Turkey, Qatar"
349,United States of America,North Macedonia,Albania
350,Italy,Vietnam,"North Macedonia, Spain, Germany"
351,Brazil,Thailand,Italy
352,United Kingdom,Spain,Turkey
353,United States of America,United Kingdom,United States of America
354,Poland,Poland,"Italy, France, Spain"
355,Italy,Greece,"France, Malta, Vietnam, Singapore, Indonesia, Denmark, Sweden, Italy, United Arab Emirates, Portugal"
356,Italy,Cape Verde,United Kingdom
357,Mexico,Spain,"Spain, Turkey, Germany, Netherlands, France"
358,United Kingdom,Portugal,"Germany, Greece, Italy, Spain"
359,Croatia,Spain,"Italy, Finland, Germany"
360,Australia,Spain,"Italy, France"
361,France,Spain,"Montenegro, Hungary, Serbia"
362,United Kingdom,Poland,Vietnam
363,Indonesia,Slovenia,"United States of America, Mexico, Thailand, Indonesia, Germany, Portugal, Bulgaria, Hungary, Bosnia and Herzegovina, Greece, Albania, Turkey, Spain, Japan, Morocco"
364,Germany,Spain,"Brazil, United Kingdom, Spain, Portugal, Barbados, Guyana"
365,Germany,North Macedonia,"Morocco, Malaysia, Singapore, Thailand"
366,Germany,Slovenia,"Netherlands, Denmark, Spain, Cyprus, Germany"
367,Singapore,Saudi Arabia,"New Zealand, Australia"
368,Pakistan,Romania,Thailand
369,United States of America,Spain,"United States of America, United Kingdom"
370,France,United Kingdom,"Norway, Ecuador, Sweden, Denmark, Germany, Tunisia, Malta, San Marino, France, Italy, Spain, Portugal, Iceland"
371,United States of America,United States of America,"United Kingdom, Croatia, Germany"
372,Australia,Brazil,United Kingdom
373,France,Malta,Portugal
374,Philippines,Turkey,"United Arab Emirates, Qatar, Bahrain, Kuwait, Oman, Saudi Arabia"
375,Finland,Italy,"Finland, Denmark, Netherlands, Spain, Italy, Morocco, Thailand, Vietnam, China, Estonia, Latvia, Lithuania, Poland, Slovakia, Hungary, Romania, Czech Republic, Germany"
376,Sweden,Portugal,"Mexico, Brazil, Costa Rica, Chile"
377,Germany,Hungary,"Germany, Austria, Greece, Spain, Portugal, Bulgaria, Croatia"
378,Israel,Cambodia,"Laos, Cambodia"
379,Iran,Hungary,"United Kingdom, Spain, Portugal, Slovenia, Belgium, Netherlands, Italy, Romania, Tunisia, Turkey"
380,Slovenia,Indonesia,"Germany, Italy, Indonesia, Spain, Egypt"
381,Israel,Israel,"Peru, Colombia, Mexico, Argentina, Belgium"
382,Belorussia,Montenegro,"Italy, Turkey, Albania"
383,Netherlands,Vietnam,"Mexico, Netherlands, Argentina, Georgia, Turkey, Italy, Germany, Denmark, Oman, Vietnam"
384,United States of America,Italy,"Portugal, France, Italy, Albania, Montenegro, Croatia, Bosnia and Herzegovina"
385,Bulgaria,Italy,"Austria, France, Spain, Sweden, Romania, Italy"
386,Slovakia,Italy,"Albania, Montenegro, North Macedonia, Greece, Lithuania, Spain, United Kingdom, Poland, Czech Republic"
387,Bulgaria,Hungary,"Bulgaria, Greece, Latvia, Estonia"
388,France,France,"Morocco, Costa Rica, Portugal"
389,France,France,Morocco
390,France,France,"Spain, Portugal, Switzerland, Indonesia"
391,Serbia,Bosnia and Herzegovina,"Serbia, Slovenia, Slovakia, Italy, United States of America"
392,United States of America,Vietnam,"Albania, Bulgaria, Greece, Mexico"
393,Hungary,Vietnam,"Thailand, Vietnam, Cambodia, Malaysia"
394,Sweden,Vietnam,"Finland, Estonia, South Korea, Thailand, Japan, Vietnam, Laos"
395,Vietnam,Portugal,"Vietnam, Italy, Spain, Indonesia, Portugal"
396,Russia,Montenegro,"Bosnia and Herzegovina, Serbia, Turkey"
397,United States of America,Vietnam,"Taiwan, Vietnam, Netherlands, Germany, Czech Republic, Belgium"
398,Vietnam,France,Italy
399,Australia,Vietnam,"Greece, Germany, Thailand, Australia"
400,Russia,Montenegro,"Serbia, Bosnia and Herzegovina, Russia"
401,Russia,Montenegro,"Russia, Kazakhstan, Georgia, Turkey, Bosnia and Herzegovina, Bulgaria, Serbia, Montenegro"
402,Russia,Montenegro,"Bosnia and Herzegovina, Turkey, Moldova"
403,Brazil,Slovenia,"Italy, Croatia, Norway, United States of America, Colombia"
404,Spain,Spain,"Germany, Poland"
405,United States of America,Vietnam,"Mexico, United States of America, Japan, Thailand, Vietnam"
406,France,France,"Australia, Indonesia, United States of America, Vietnam, Spain, Belgium"
407,United States of America,North Macedonia,"Italy, Spain, Croatia"
408,Taiwan,Vietnam,"Australia, Japan, Indonesia, Thailand, Vietnam, Portugal, Spain, France"
409,Russia,Montenegro,"Georgia, Armenia, Turkey"
410,Russia,Montenegro,"France, Croatia, Serbia, Spain, Austria"
411,Russia,Austria,"Serbia, Bosnia and Herzegovina"
412,Russia,Montenegro,"Germany, Serbia, Bosnia and Herzegovina"
413,Singapore,Vietnam,"Japan, Singapore, Taiwan, China"
414,Czech Republic,Vietnam,"United States of America, Slovakia, Germany, Hungary, United Arab Emirates"
415,Russia,Montenegro,"Moldova, Bosnia and Herzegovina, Russia"
416,Vietnam,Netherlands,"Spain, Austria, Germany, Italy, Czech Republic, Belgium, Slovakia, Slovenia, Romania, Hungary, Croatia, Poland"
417,Israel,Israel,"Thailand, South Korea, Japan"
418,Israel,Germany,"Israel, United Kingdom, Serbia, United States of America"
419,Israel,Austria,"Mexico, Spain, France, Italy, Israel, Austria, United States of America, United Kingdom"
420,Israel,United States of America,"United States of America, Israel, Germany, Sweden"
421,Moldova,Germany,"Portugal, Denmark, Germany"
422,Germany,Germany,"Japan, United States of America, Italy"
423,Germany,Germany,United States of America
424,Germany,Germany,Mexico
425,Germany,Germany,"Italy, Spain, Portugal, Argentina"
426,Germany,Germany,"Spain, Netherlands, France"
427,Germany,Germany,"France, United Arab Emirates, United Kingdom, United States of America"
428,Germany,Germany,"France, Italy, Spain, Portugal"
429,Australia,Germany,Japan
430,Germany,Germany,"United States of America, United Kingdom, France, Canada, Germany, Spain"
431,Germany,Germany,"Italy, France, Greece"
432,Germany,Germany,"Spain, Turkey, Bulgaria, Russia, New Zealand, United States of America, United Kingdom, France, Canada"
433,Germany,Germany,"Switzerland, Italy, Spain, France, Denmark, Norway"
434,Germany,Germany,"Spain, Frace, Italy, Switzerland"
435,Germany,Germany,"Egypt, Romania, Thailand, China"
436,Germany,Germany,"France, Singapore, United States of America, Italy, United Kingdom, United Arab Emirates"
437,Germany,Germany,"Albania, France, United States of America"
438,Germany,Germany,"United States of America, Italy, Germany"
439,Germany,Germany,"Germany, Switzerland, Czech Republic"
440,Germany,Germany,"United States of America, Canada, Denmark, Polen"
441,Germany,Germany,"Germany, France, Netherlands, Italy, Spain, United Kingdom"
442,Germany,Germany,"United States of America, United Kingdom, Germany, South Africa, Iceland"
443,Cyprus,Germany,"Jordan, Ireland, United Arab Emirates, Spain, Taiwan, China, Thailand, Netherlands, Mexico, United States of America, Greece, Austria"
444,Japan,Germany,"Germany, Italy, France"
445,China,Thailand,"Thailand, China, Japan, Indonesia, Singapore, Malaysia"
446,China,China,"France, Italy, United Kingdom, Iceland, Morocco, Spain"
447,China,China,"Thailand, Malaysia, South Korea, Japan"
448,China,China,"United States of America, United Kingdom"
449,China,China,"Singapore, Thailand"
450,China,United States of America,"United Kingdom, France, Italy, South Korea, Japan, Serbia"
451,China,China,"China, United Kingdom"
452,China,China,"Thailand, Malaysia, South Korea"
453,Japan,Canada,Japan
454,Canada,Canada,Turkey
455,Canada,Canada,United States of America
456,Canada,Canada,Greece
457,Canada,Canada,United States of America
458,Canada,Canada,Japan
459,Canada,Canada,Italy
460,New Zealand,Canada,Australia
461,Singapore,Canada,Mexico
462,Canada,Canada,France
463,Romania,Canada,Sweden
464,China,Canada,United States of America